<?xml version="1.0" encoding="UTF-8" standalone="yes"?><books><book id="AJAXJA"><author>Steven Olson</author><isbn>978-83-246-1110-2</isbn><pages>232</pages><publisher>Helion</publisher><title>Ajax on Java</title><year>2007</year></book><book id="AJJSTO"><author>Joshua Eichorn</author><isbn>978-83-246-1098-3</isbn><pages>336</pages><publisher>Helion</publisher><title>AJAX i JavaScript. Tworzenie i optymalizacja aplikacji sieciowych</title><year>2007</year></book><book id="AJSPIT"><author>Phil Ballard, Michael Moncur</author><isbn>978-83-246-2072-2</isbn><pages>432</pages><publisher>Helion</publisher><title>Ajax, JavaScript i PHP. Intensywny trening</title><year>2009</year></book><book id="CWJAS2"><author>Marcin Lis</author><isbn>83-246-0795-1</isbn><pages>160</pages><publisher>Helion</publisher><title>JavaScript. Ćwiczenia praktyczne. Wydanie II</title><year>2006</year></book><book id="CWJAV3"><author>Marcin Lis</author><isbn>978-83-246-2785-1</isbn><pages>224</pages><publisher>Helion</publisher><title>Java. Ćwiczenia praktyczne. Wydanie III</title><year>2011</year></book><book id="CZJAV2"><author>Marcin Lis</author><isbn>978-83-246-3497-2</isbn><pages>152</pages><publisher>Helion</publisher><title>Java. Ćwiczenia zaawansowane. Wydanie II</title><year>2012</year></book><book id="ECLWEB"><author>Naci Dai, Lawrence Mandel, Arthur Ryman</author><isbn>978-83-246-1391-5</isbn><pages>736</pages><publisher>Helion</publisher><title>Eclipse Web Tools Platform. Tworzenie aplikacji WWW w języku Java</title><year>2008</year></book><book id="HFJSC"><author>Michael Morrison</author><isbn>978-83-246-1548-3</isbn><pages>624</pages><publisher>Helion</publisher><title>Head First JavaScript. Edycja polska (Rusz głową!)</title><year>2009</year></book><book id="IOWUJE"><author>Bernd Bruegge, Allen H. Dutoit</author><isbn>978-83-246-2872-8</isbn><pages>872</pages><publisher>Helion</publisher><title>Inżynieria oprogramowania w ujęciu obiektowym. UML, wzorce projektowe i Java</title><year>2011</year></book><book id="JAMETS"><author>Ovidiu Iliescu</author><isbn>978-83-246-3589-4</isbn><pages>376</pages><publisher>Helion</publisher><title>Java ME. Tworzenie zaawansowanych aplikacji na smartfony</title><year>2012</year></book><book id="JAPPAN"><author>Jeff Friesen</author><isbn>978-83-246-3372-2</isbn><pages>624</pages><publisher>Helion</publisher><title>Java. Przygotowanie do programowania na platformę Android</title><year>2011</year></book><book id="JASCOB"><author>Stoyan Stefanov</author><isbn>978-83-246-2242-9</isbn><pages>336</pages><publisher>Helion</publisher><title>JavaScript. Programowanie obiektowe</title><year>2010</year></book><book id="JASCPP"><author>Mariusz Owczarek</author><isbn>978-83-246-2076-0</isbn><pages>144</pages><publisher>Helion</publisher><title>JavaScript. Pierwsze starcie</title><year>2009</year></book><book id="JASCWW"><author>Alex MacCaw</author><isbn>978-83-246-3887-1</isbn><pages>264</pages><publisher>Helion</publisher><title>JavaScript. Aplikacje WWW</title><year>2012</year></book><book id="JASCWZ"><author>Stoyan Stefanov</author><isbn>978-83-246-3821-5</isbn><pages>200</pages><publisher>Helion</publisher><title>JavaScript. Wzorce</title><year>2012</year></book><book id="JAVAZA"><author>Mirosław J. Kubiak</author><isbn>978-83-246-2944-2</isbn><pages>112</pages><publisher>Helion</publisher><title>Java. Zadania z programowania z przykładowymi rozwiązaniami</title><year>2011</year></book><book id="JAVE64"><author>Eric Jendrock, Ian Evans, Devika Gollapudi, Kim Haase, Chinmayee Srivathsa</author><isbn>978-83-246-3847-5</isbn><pages>552</pages><publisher>Helion</publisher><title>Java EE 6. Przewodnik. Wydanie IV</title><year>2012</year></book><book id="JAVEE6"><author>Krzysztof Rychlicki-Kicior</author><isbn>978-83-246-2659-5</isbn><pages>232</pages><publisher>Helion</publisher><title>Java EE 6. Programowanie aplikacji WWW</title><year>2010</year></book><book id="JAVKP8"><author>Herbert Schildt</author><isbn>978-83-246-3767-6</isbn><pages>1184</pages><publisher>Helion</publisher><title>Java. Kompendium programisty. Wydanie VIII</title><year>2012</year></book><book id="JAVPD3"><author>Cay S. Horstmann, Gary Cornell</author><isbn>978-83-246-1478-3</isbn><pages>888</pages><publisher>Helion</publisher><title>Java. Podstawy. Wydanie VIII</title><year>2008</year></book><book id="JAVPP5"><author>Herbert Schildt</author><isbn>978-83-246-3919-9</isbn><pages>592</pages><publisher>Helion</publisher><title>Java. Przewodnik dla początkujących. Wydanie V</title><year>2012</year></book><book id="JAVRG2"><author>Kathy Sierra, Bert Bates</author><isbn>978-83-246-2773-8</isbn><pages>720</pages><publisher>Helion</publisher><title>Java. Rusz głową! Wydanie II</title><year>2010</year></book><book id="JAVTZ8"><author>Cay S. Horstmann, Gary Cornell</author><isbn>978-83-246-1483-7</isbn><pages>1064</pages><publisher>Helion</publisher><title>Java. Techniki zaawansowane. Wydanie VIII</title><year>2009</year></book><book id="JSCDK4"><author>Michael Moncur</author><isbn>83-246-0766-8</isbn><pages>456</pages><publisher>Helion</publisher><title>JavaScript dla każdego. Wydanie IV</title><year>2007</year></book><book id="JSCMOC"><author>Douglas Crockford</author><isbn>83-246-1998-4</isbn><pages>160</pages><publisher>Helion</publisher><title>JavaScript - mocne strony</title><year>0</year></book><book id="JSFECG"><author>Andrzej Marciniak</author><isbn>978-83-246-2656-4</isbn><pages>384</pages><publisher>Helion</publisher><title>JavaServer Faces i Eclipse Galileo. Tworzenie aplikacji WWW</title><year>2010</year></book><book id="JSP2W2"><author>Marty Hall, Larry Brown, Yaakov Chaikin</author><isbn>978-83-246-1726-5</isbn><pages>632</pages><publisher>Helion</publisher><title>Core Java Servlets i JavaServer Pages. Tom II. Wydanie II</title><year>2009</year></book><book id="JV2POD"><author>Cay Horstmann, Gary Cornell</author><isbn>83-7197-984-3</isbn><pages>744</pages><publisher>Helion</publisher><title>Java 2. Podstawy</title><year>2003</year></book><book id="JV2TE2"><author>Cay Horstmann, Gary Cornell</author><isbn>83-7361-842-2</isbn><pages>1144</pages><publisher>Helion</publisher><title>Java 2. Techniki zaawansowane. Wydanie II</title><year>2005</year></book><book id="PKJAV3"><author>Marcin Lis</author><isbn>978-83-246-3228-2</isbn><pages>400</pages><publisher>Helion</publisher><title>Praktyczny kurs Java. Wydanie III</title><year>2011</year></book><book id="PPJSA7"><author>Tom Negrino, Dori Smith</author><isbn>978-83-246-2204-7</isbn><pages>544</pages><publisher>Helion</publisher><title>Po prostu JavaScript i Ajax. Wydanie VII</title><year>2010</year></book><book id="PPJSC8"><author>Tom Negrino, Dori Smith</author><isbn>978-83-246-4271-7</isbn><pages>528</pages><publisher>Helion</publisher><title>Po prostu JavaScript. Wydanie VIII</title><year>2012</year></book><book id="THIJ4V"><author>Bruce Eckel</author><isbn>978-83-246-3176-6</isbn><pages>1256</pages><publisher>Helion</publisher><title>Thinking in Java. Edycja polska. Wydanie IV</title><year>2006</year></book><book id="TIJAV2"><author>Marcin Lis </author><isbn>978-83-246-1993-1</isbn><pages>6</pages><publisher>Helion</publisher><title>Tablice informatyczne. Java. Wydanie II</title><year>2009</year></book><book id="TIJAV3"><author>Marcin Lis</author><isbn>978-83-246-3784-3</isbn><pages>6</pages><publisher>Helion</publisher><title>Tablice informatyczne. Java. Wydanie III</title><year>2012</year></book><book id="TWOIZO"><author>Mario Andres Pagella</author><isbn>978-83-246-3888-8</isbn><pages>136</pages><publisher>Helion</publisher><title>Tworzenie izometrycznych gier społecznościowych w HTML5, CSS3 i JavaScript</title><year>2012</year></book><book id="TWOWPP"><author>Maria Sokół, Radosław Sokół</author><isbn>978-83-246-1071-6</isbn><pages>96</pages><publisher>Helion</publisher><title>XHTML, CSS i JavaScript. Pierwsza pomoc</title><year>2009</year></book><book id="WHTMJS"><author>Jeanine Meyer</author><isbn>978-83-246-4107-9</isbn><pages>312</pages><publisher>Helion</publisher><title>Wprowadzenie do HTML5. Nauka HTML5 i JavaScriptu na przykładzie gier</title><year>2012</year></book><book id="1"><author>Michał Sak</author><isbn>111-222-333</isbn><pages>1</pages><publisher>WI ZUT</publisher><title>Laboratorium: Java i XML</title><year>2018</year></book></books>