<?xml version="1.0" encoding="UTF-8"?>
<project-private xmlns="http://www.netbeans.org/ns/project-private/1">
    <editor-bookmarks xmlns="http://www.netbeans.org/ns/editor-bookmarks/2" lastBookmarkId="0"/>
    <open-files xmlns="http://www.netbeans.org/ns/projectui-open-files/2">
        <group>
            <file>file:/D:/Moje%20Dokumenty/NetBeansProjects/IA_lab1/src/books/Main.java</file>
            <file>file:/D:/Moje%20Dokumenty/NetBeansProjects/IA_lab1/src/books/BookManager.java</file>
            <file>file:/D:/Moje%20Dokumenty/NetBeansProjects/IA_lab1/src/books/Book.java</file>
        </group>
    </open-files>
</project-private>
